Price,Close,High,Low,Open,Volume
Ticker,AAPL,AAPL,AAPL,AAPL,AAPL
Date,,,,,
02-01-2020,72.46824646,72.52856629,71.22324426,71.47658461,135480400
03-01-2020,71.76372528,72.52375387,71.53933722,71.69616735,146322800
06-01-2020,72.3355484,72.37415398,70.63453188,70.88546447,118387200
07-01-2020,71.99536896,72.60097529,71.7758038,72.3452197,108872000
08-01-2020,73.15349579,73.45509501,71.69858142,71.69858142,132079200
09-01-2020,74.70735168,74.90037228,73.879765,74.13069031,170108400
10-01-2020,74.87622833,75.44082857,74.37437045,74.94137848,140644800
13-01-2020,76.47592163,76.5024662,75.07408881,75.19232073,121532000
14-01-2020,75.44324493,76.6231048,75.32019744,76.41319288,161954400
15-01-2020,75.11991119,76.12363416,74.6880191,75.24296602,121923600
16-01-2020,76.06092072,76.17191455,75.30089203,75.66281115,108829200
17-01-2020,76.90296173,76.90536952,76.0029872,76.30940929,137816400
21-01-2020,76.38180542,76.97293541,76.24427442,76.53139744,110843200
22-01-2020,76.65445709,77.20698154,76.56035461,76.86677675,101832400
23-01-2020,77.02362823,77.1032472,76.15984383,76.7075528,104472000
24-01-2020,76.80164337,78.01286328,76.61103059,77.26972599,146537600
27-01-2020,74.54327393,75.22367624,73.561265,74.81109053,161940000
28-01-2020,76.6520462,76.8233525,75.32500962,75.42393505,162234000
29-01-2020,78.25653839,79.10343121,77.54235362,78.28308295,216229200
30-01-2020,78.14313507,78.19621682,76.90778608,77.33967815,126743200
31-01-2020,74.67836761,77.85601226,74.38400654,77.43377343,199588400
03-02-2020,74.4732666,75.63864233,72.91942738,73.42128507,173788400
04-02-2020,76.93193054,77.12254331,75.6724519,76.07779949,136616400
05-02-2020,77.55926514,78.35789935,76.95606664,78.05870789,118826800
06-02-2020,78.46646881,78.46888396,77.27214024,77.82949505,105425600
07-02-2020,77.39990234,78.21494248,76.90894303,77.96583519,117684000
10-02-2020,77.76753235,77.76753235,75.90527579,75.98508372,109348800
11-02-2020,77.29832458,78.33587187,77.08065923,78.26331921,94323200
12-02-2020,79.13396454,79.13879892,77.74815015,77.74815015,113730400
13-02-2020,78.57044983,78.89695147,78.20283748,78.40599226,94747600
14-02-2020,78.58981323,78.83892051,78.08192254,78.539019,80113600
18-02-2020,77.15077972,77.3321687,76.08904602,76.270435,152531200
19-02-2020,78.26815033,78.4979127,77.39264719,77.39264719,93984000
20-02-2020,77.4651947,78.51725241,76.95972489,78.02871401,100566000
21-02-2020,75.71175385,77.50146427,75.09503429,77.05887105,129554000
24-02-2020,72.11543274,73.56654484,69.95086161,71.89293302,222195200
25-02-2020,69.67273712,73.16750229,69.20113004,72.78537929,230673600
26-02-2020,70.77796936,72.04285767,69.29058139,69.29783666,198054800
27-02-2020,66.15135956,69.16967532,66.01592302,67.98460194,320605600
28-02-2020,66.1126709,67.33402814,62.00360705,62.21885891,426510000
02-03-2020,72.26778412,72.90385596,67.16712713,68.26997149,341397200
03-03-2020,69.97264099,73.52302752,69.121317,73.44321959,319475600
04-03-2020,73.21827698,73.37790019,70.89408265,71.69461223,219178400
05-03-2020,70.84329987,72.44677262,70.47810094,71.47210924,187572800
06-03-2020,69.90248108,70.33539821,68.01603849,68.20226187,226176800
09-03-2020,64.37374115,67.25661246,63.60706717,63.78845614,286744800
10-03-2020,69.01006317,69.2761019,65.14768563,67.02688079,285290000
11-03-2020,66.61330414,68.01362949,65.7498906,67.08733944,255598800
12-03-2020,60.03492355,65.30004286,59.97929862,61.89960418,418474000
13-03-2020,67.22759247,67.69920676,61.17645514,64.06417194,370732000
16-03-2020,58.57897949,62.65901821,58.0444849,58.51609561,322423600
17-03-2020,61.15468597,62.30347908,57.65750505,59.86077653,324056000
18-03-2020,59.65763855,60.46300624,57.34795097,57.98886105,300233600
19-03-2020,59.20053101,61.14985749,58.67571262,59.83176486,271857200
20-03-2020,55.44216156,60.90559812,55.14226371,59.78098395,401693200
23-03-2020,54.26432419,55.26317398,51.42014641,55.1615966,336752800
24-03-2020,59.70842361,59.90432315,56.66592498,57.16413951,287531200
25-03-2020,59.37950516,62.45828014,59.08444542,60.64439011,303602000
26-03-2020,62.50423813,62.56228025,59.58266521,59.62136242,252087200
27-03-2020,59.91641998,61.88267437,59.7495415,61.12809726,204216800
30-03-2020,61.62630844,61.79802499,60.31788822,60.64197271,167976400
31-03-2020,61.5005455,63.48373123,60.94670603,61.81737473,197002000
01-04-2020,58.2645607,60.15342405,57.83406448,59.61651237,176218400
02-04-2020,59.23681259,59.29002033,57.2947412,58.12671272,165934000
03-04-2020,58.38549423,59.42303772,57.79537474,58.72166838,129880000
06-04-2020,63.47890854,63.63369001,60.31306606,60.68067852,201820400
07-04-2020,62.74368668,65.71121658,62.63969205,65.49354379,202887200
08-04-2020,64.34954834,64.66395291,63.17898582,63.54417724,168895200
09-04-2020,64.81391907,65.31697539,64.01823125,64.98563931,161834800
13-04-2020,66.08605194,66.19488828,64.29150705,64.8913026,131022800
14-04-2020,69.42364502,69.7138705,67.24697604,67.7185906,194994800
15-04-2020,68.78997803,69.24949545,67.87094317,68.29901865,131154400
16-04-2020,69.33656311,69.70176206,68.28692612,69.50344161,157125200
17-04-2020,68.39572906,69.39942057,66.95912788,68.8528328,215250000
20-04-2020,66.97608185,68.12487901,66.95673693,67.22277565,130015200
21-04-2020,64.90581512,67.0534619,64.19476971,66.81886518,180991600
22-04-2020,66.77534485,67.21067554,65.83212344,66.17312829,116862400
23-04-2020,66.51654816,68.14179372,66.47785096,66.71970293,124814400
24-04-2020,68.43686676,68.44654291,66.9930099,67.04138325,126161200
27-04-2020,68.48525238,68.81658853,67.70648844,68.15390885,117087600
28-04-2020,67.37511444,69.12854112,67.2832169,68.94715215,112004800
29-04-2020,69.58807373,70.05726717,68.659363,68.86251778,137280800
30-04-2020,71.05610657,71.23266116,69.73801775,70.12739588,183064000
01-05-2020,69.91215515,72.31374359,69.13339146,69.23013078,240616800
04-05-2020,70.90133667,71.02951794,69.24706979,69.9363495,133568000
05-05-2020,71.96547699,72.79744842,71.21573435,71.36084702,147751200
06-05-2020,72.70796967,73.33919986,72.28230777,72.66685158,142333600
07-05-2020,73.46013641,73.80599044,73.03206096,73.33437601,115215200
08-05-2020,75.20861053,75.26196231,73.79237217,74.11975773,133838400
11-05-2020,76.39203644,76.88674477,74.50775468,74.71631429,145946400
12-05-2020,75.51900482,77.5269598,75.39775148,77.07589354,162301200
13-05-2020,74.60718536,76.61999543,73.53045502,75.69846552,200622400
14-05-2020,75.06552124,75.12614791,73.12304033,73.84571291,158929200
15-05-2020,74.62172699,74.66780385,72.80292692,72.83688141,166348400
18-05-2020,76.37992096,76.75338341,75.25469353,75.94583922,135178400
19-05-2020,75.93855286,77.24323271,75.9070258,76.39688668,101729600
20-05-2020,77.41542053,77.48574215,76.75822201,76.79702397,111504800
21-05-2020,76.83824921,77.81797834,76.60058998,77.27718574,102688800
22-05-2020,77.33297729,77.4154287,76.47450137,76.57635006,81803200
26-05-2020,76.8091507,78.630371,76.75337149,78.45091841,125522000
27-05-2020,77.14381409,77.28931961,75.92643294,76.66608292,112945200
28-05-2020,77.17774963,78.43635987,76.54238333,76.81883709,133560800
29-05-2020,77.1026001,77.88104473,76.74611486,77.42028336,153532400
01-06-2020,78.05078888,78.17204224,76.92555415,77.05650985,80791200
02-06-2020,78.41209412,78.43634626,77.34263897,77.78400282,87642800
03-06-2020,78.84376526,79.1056766,78.15989469,78.73221427,104491200
04-06-2020,78.1647644,78.96503359,77.791302,78.66675507,87560400
05-06-2020,80.39096069,80.45158736,78.38543321,78.41453282,137250400
08-06-2020,80.86629486,80.90024936,79.37730734,80.0878503,95654400
09-06-2020,83.4198761,83.81273576,80.51465061,80.54617767,147712400
10-06-2020,85.56606293,86.03409908,83.92914271,84.36807924,166651600
11-06-2020,81.45799255,85.13439472,81.35614389,84.71000803,201662400
12-06-2020,82.16127014,84.34383053,81.05059267,83.59691312,200146000
15-06-2020,83.17735291,83.82969638,80.65285781,80.81534052,138808800
16-06-2020,85.38175201,85.65336572,83.59690633,85.23139905,165428800
17-06-2020,85.26293182,86.18688178,85.14167847,86.1262551,114406400
18-06-2020,85.29688263,85.71399444,84.68818846,85.21927871,96820400
19-06-2020,84.80944061,86.4681855,83.70118325,86.00257679,264476000
22-06-2020,87.02837372,87.17145178,85.1562218,85.20229866,135445200
23-06-2020,88.8859787,90.30464435,87.85289781,88.27243706,212155600
24-06-2020,87.31697083,89.4340572,86.9435084,88.51495464,192623200
25-06-2020,88.47614288,88.51494484,86.71312185,87.472169,137522400
26-06-2020,85.75764465,88.59254854,85.60971172,88.37186656,205256800
29-06-2020,87.73407745,87.82865862,85.18775699,85.66549551,130646000
30-06-2020,88.46643829,88.75260181,87.30240913,87.32180641,140223200
01-07-2020,88.29910278,89.08724948,88.25060589,88.5440369,110737200
02-07-2020,88.29910278,89.8414491,88.18513175,89.20608279,114041600
06-07-2020,90.66114044,91.12917664,89.69596101,89.72748807,118655600
07-07-2020,90.37984467,91.81790797,90.26829363,91.03946335,112424400
08-07-2020,92.4847641,92.51629115,91.26980336,91.35710961,117092000
09-07-2020,92.88249207,93.43055217,91.83486136,93.3772004,125642800
10-07-2020,93.04497528,93.10318193,91.86639619,92.47751045,90257200
13-07-2020,92.61572266,96.95901798,92.4023156,94.34964386,191649200
14-07-2020,94.14836884,94.33994378,91.06368364,91.99732842,170989200
15-07-2020,94.79586029,96.27272509,93.59787669,96.02294351,153198000
16-07-2020,93.62940216,94.48545044,93.03041037,93.66820412,110577600
17-07-2020,93.44023895,94.23566049,92.96734801,94.08046008,92186800
20-07-2020,95.40940094,95.54763152,93.1831914,93.52755414,90318000
21-07-2020,94.0925827,96.27514261,93.84280114,96.19996614,103433200
22-07-2020,94.35691833,95.03836148,93.70700224,93.79430109,89001600
23-07-2020,90.06213379,94.16777019,89.25216235,94.09016627,197004400
24-07-2020,89.8390274,90.18339017,86.47303332,88.26031387,185438800
27-07-2020,91.96824646,92.0604002,90.67811633,90.90121837,121214000
28-07-2020,90.45743561,91.7160461,90.45258074,91.53901353,103625600
29-07-2020,92.19136047,92.37566796,90.90365031,90.94002484,90329200
30-07-2020,93.30686951,93.4111456,90.95697926,91.3643887,158130000
31-07-2020,103.075058,103.225411,97.80295688,99.80121727,374336800
03-08-2020,105.6723022,108.2913718,104.6586259,104.9569045,308151200
04-08-2020,106.378006,107.4692863,105.1387927,105.8614654,173071600
05-08-2020,106.763588,107.0836986,105.6335057,106.0991219,121776800
06-08-2020,110.488472,110.9831877,106.5065162,107.0958057,202428800
07-08-2020,107.9764404,110.4666159,107.1795846,110.0098801,198045600
10-08-2020,109.5458679,110.5638038,106.8953483,109.4219641,212403600
11-08-2020,106.2879639,109.307755,106.0280121,108.8097229,187902400
12-08-2020,109.8203888,110.0779088,107.1844454,107.3787976,165598000
13-08-2020,111.7639236,112.7672832,110.7119723,111.200292,210082000
14-08-2020,111.6643295,111.7542176,109.8543941,111.5890175,165565200
17-08-2020,111.3727722,112.8110034,110.7459802,112.7867075,119561600
18-08-2020,112.3008347,112.7259865,110.7897231,111.1249869,105633600
19-08-2020,112.4417343,113.8556697,112.34699,112.7089741,145538000
20-08-2020,114.9367752,115.0509592,112.4660322,112.48304,126907200
21-08-2020,120.8597565,121.3432125,115.8842618,115.896406,338054800
24-08-2020,122.3052597,125.1501384,120.4394521,125.0650992,345937600
25-08-2020,121.3019028,121.6468864,119.5794312,121.1780064,211495600
26-08-2020,122.9515076,123.4082434,121.552148,122.6186755,163022400
27-08-2020,121.4816895,123.886833,120.3374182,123.554001,155552400
28-08-2020,121.2848892,122.873737,121.0613776,122.4558732,187630000
31-08-2020,125.3979416,127.3026287,122.4437497,123.9791572,225702700
01-09-2020,130.3928528,130.9953638,126.8458775,129.0129331,151948100
02-09-2020,127.69133,134.0856163,123.4155225,133.7066243,200119000
03-09-2020,117.4682541,125.2035884,117.098982,123.3280683,257599600
04-09-2020,117.5459976,120.2086612,107.7602158,116.6811178,332607200
08-09-2020,109.6357269,115.6315808,109.4996789,110.7338307,231366600
09-09-2020,114.0087128,115.7773441,112.0068574,113.9504086,176940500
10-09-2020,110.2868347,117.0989852,109.3247787,116.9629372,182274400
11-09-2020,108.8388977,111.977737,106.895346,111.3363614,180860300
14-09-2020,112.1040421,112.6579539,109.6162987,111.4821062,140150100
15-09-2020,112.2789688,115.4761119,110.4034414,114.990224,184642000
16-09-2020,108.96521,112.7259847,108.8777537,111.9777207,154679000
17-09-2020,107.2257309,109.0332344,105.6417391,106.6232347,178011000
18-09-2020,103.8245087,107.7504832,103.0956769,107.2840351,287104900
21-09-2020,106.9730835,107.0799794,100.190085,101.5894446,195713800
22-09-2020,108.6542358,109.6746033,106.0790362,109.4996833,183055400
23-09-2020,104.0966187,108.9457775,103.7564912,108.4696094,150718700
24-09-2020,105.1655807,107.1382845,102.0364614,102.2016615,167743300
25-09-2020,109.1109695,109.2664572,104.6310832,105.3696347,149981400
28-09-2020,111.7153473,112.0651872,109.5968757,111.763939,137672400
29-09-2020,110.8698959,112.0554636,110.3645758,111.3169193,99382200
30-09-2020,112.5413513,113.9504307,110.4131674,110.5783675,142675200
01-10-2020,113.4937057,114.3974576,112.5608018,114.3197138,116120400
02-10-2020,109.8300934,112.1137724,109.0526772,109.7037652,144712000
05-10-2020,113.2118835,113.3576514,110.3451478,110.6949877,106243800
06-10-2020,109.9661636,112.8426194,109.081844,112.4344679,161498200
07-10-2020,111.831955,112.2886907,110.9087635,111.384939,96849000
08-10-2020,111.7250671,113.1147069,111.3557876,112.968939,83477200
09-10-2020,113.6686172,113.6977693,111.6764739,112.0263138,100506900
12-10-2020,120.8889084,121.6468923,115.9134137,116.6713977,240226800
13-10-2020,117.682045,121.850964,116.2729731,121.7343482,262330500
14-10-2020,117.7695007,119.5575645,116.2438132,117.584861,150712000
15-10-2020,117.3030548,117.7792229,114.8153112,115.3692231,112559200
16-10-2020,115.6607513,118.1193503,115.4566793,117.8569667,115393800
19-10-2020,112.7065506,117.0212297,112.3955827,116.5742138,120639300
20-10-2020,114.1933746,115.6218862,112.3664314,112.9203433,124423700
21-10-2020,113.571434,115.3594978,113.1632826,113.3770744,89946000
22-10-2020,112.4830551,114.7084227,111.3557916,114.1350711,101988000
23-10-2020,111.7930832,113.2604666,111.0545315,113.104979,82572600
26-10-2020,111.8027878,113.2604512,109.6940291,110.7921402,111850700
27-10-2020,113.3090515,113.9698593,111.3071958,112.2303798,92276800
28-10-2020,108.0614548,112.1720692,107.9642787,111.8027971,143937800
29-10-2020,112.0651703,113.6297297,109.0332275,109.198435,146129200
30-10-2020,105.7874985,108.8291536,104.6796748,107.925402,190272600
02-11-2020,105.7000427,107.5561379,104.2909709,106.0304503,122866900
03-11-2020,107.3229141,108.3432742,105.6611785,106.5649302,107624400
04-11-2020,111.7056198,112.3275557,109.1790043,110.9184838,138235500
05-11-2020,115.6704559,116.2438074,113.5714244,114.6209364,126387100
06-11-2020,115.5390701,116.0355255,113.0470269,115.1788901,114457900
09-11-2020,113.2319641,118.7514365,112.9691353,117.3009948,154515300
10-11-2020,112.8912735,114.4682616,111.1001173,112.4824253,138023400
11-11-2020,116.3178329,116.4541157,113.3488074,114.0788967,112295000
12-11-2020,116.0452423,117.330199,115.4222335,116.4443613,103162300
13-11-2020,116.0939255,116.4930371,114.7408273,116.2691472,81581900
16-11-2020,117.1063156,117.7779927,115.0133917,115.7629467,91183000
17-11-2020,116.2204666,117.4664843,115.8018818,116.3762225,74271000
18-11-2020,114.8965683,116.6390487,114.8673659,115.4611724,76322100
19-11-2020,115.4903793,115.8992275,113.7089599,114.4682515,74113000
20-11-2020,114.224884,115.6169211,114.1762159,115.4903749,73604300
23-11-2020,110.8275299,114.4974488,110.7301862,114.0691275,127959300
24-11-2020,112.1124954,112.7744433,109.6009868,110.8859509,113874200
25-11-2020,112.9496765,113.6505634,112.1125069,112.4824235,76499200
27-11-2020,113.4947891,114.3708976,113.1346166,113.4753233,46691300
30-11-2020,115.8895111,117.7585379,113.7089724,113.8647283,169410200
01-12-2020,119.4620514,120.1921405,116.8239969,117.7974491,127728200
02-12-2020,119.8125229,120.094825,117.6806598,118.7806583,89004200
03-12-2020,119.6762466,120.4939431,118.9656231,120.2408434,78967600
04-12-2020,119.0045242,119.5983306,118.2939009,119.345231,78260400
07-12-2020,120.4647141,121.2629446,119.0045357,119.0629405,86712000
08-12-2020,121.0780106,121.662088,119.822256,121.0682814,82225500
09-12-2020,118.5470276,122.6063222,117.7877359,121.2240216,115089200
10-12-2020,119.9682617,120.5815414,116.9602976,117.3010044,81312200
11-12-2020,119.1603165,119.5010233,117.3496943,119.1797822,86939800
14-12-2020,118.5470276,120.0753475,118.3134011,119.3452582,79184500
15-12-2020,124.4850845,124.5045577,120.8346382,121.0390623,157243700
16-12-2020,124.4169388,124.9620697,123.2001234,124.0275638,98208600
17-12-2020,125.283287,126.1399297,124.6408051,125.4779745,94359800
18-12-2020,123.2974701,125.672696,122.771805,125.5364133,192541500
21-12-2020,124.8257828,124.9036607,120.172682,121.7010018,121251600
22-12-2020,128.3789215,130.8417552,126.2081117,128.1160852,168904800
23-12-2020,127.4833221,128.9142834,127.308093,128.651462,88223700
24-12-2020,128.466507,129.9169563,127.6196082,127.8337689,54930100
28-12-2020,133.0612488,133.6939871,129.9656615,130.4329295,124486200
29-12-2020,131.2895355,135.1054676,130.7736069,134.3851222,121047300
30-12-2020,130.1700439,132.3797848,129.8585321,131.9806658,96452100
31-12-2020,129.1674042,131.1629846,128.2231541,130.5205024,99116600
04-01-2021,125.9744568,130.0629532,123.3948069,129.9753461,143301900
05-01-2021,127.5319672,128.242598,125.0204587,125.4682533,97664900
06-01-2021,123.2390442,127.5709108,123.0248835,124.3293133,155088000
07-01-2021,127.4443741,128.1355318,124.4656124,124.9523386,109578200
08-01-2021,128.5443726,129.1089766,126.7726823,128.9142743,105158200
11-01-2021,125.5558701,126.7142806,125.0886171,125.7603016,100384500
12-01-2021,125.380661,126.247033,123.4921611,125.0886223,91951100
13-01-2021,127.4151764,127.9603073,125.0788967,125.3417182,88636800
14-01-2021,125.4877548,127.5222668,125.341728,127.3275793,90221800
15-01-2021,123.7647095,126.762944,123.6284268,125.3611705,111598500
19-01-2021,124.436409,125.2930518,123.570037,124.3877334,90757300
20-01-2021,128.5249176,128.9727122,125.1373075,125.2443878,104319500
21-01-2021,133.2364197,135.9620893,130.0434971,130.2479287,120150900
22-01-2021,135.3780212,136.1373129,131.4355364,132.662081,114459400
25-01-2021,139.1257782,141.2381676,132.9151488,139.2718049,157611700
26-01-2021,139.359436,140.4691711,137.6169481,139.7877574,98390600
27-01-2021,138.2886353,140.4691738,136.6824449,139.6222602,140843800
28-01-2021,133.4506073,138.2205337,133.0709614,135.8161047,142621100
29-01-2021,128.4568024,133.1099043,126.7532604,132.2240589,177523800
01-02-2021,130.5789337,131.7860203,127.4541443,130.1992878,106239800
02-02-2021,131.406311,132.6912601,131.0363945,132.1266561,83305400
03-02-2021,130.3841553,132.1655741,130.0629144,132.1558301,89880900
04-02-2021,133.7425995,133.7523287,131.0169303,132.6815401,84183100
05-02-2021,133.3282623,133.9717045,132.4508521,133.9034687,75693800
08-02-2021,133.4745026,133.5232509,131.5344325,132.6165798,71297200
09-02-2021,132.5970764,134.4201624,132.4411026,133.1917702,76774200
10-02-2021,131.99263,133.5524868,131.0274669,133.0552748,73046600
11-02-2021,131.7391815,132.9675589,130.4133075,132.4898492,64280000
12-02-2021,131.9731598,132.1291485,130.3353231,130.9787653,60145100
16-02-2021,129.8478394,132.5970688,129.4578677,132.090128,80576300
17-02-2021,127.556839,128.9022155,126.221221,127.9565545,97918500
18-02-2021,126.4551697,126.7378861,124.212881,125.9579577,96856700
19-02-2021,126.6111603,127.4300934,125.5680176,126.971886,87668800
22-02-2021,122.8382721,126.464927,122.4483078,124.7978297,103916400
23-02-2021,122.7017899,123.5304593,115.4192337,120.6544867,158273000
24-02-2021,122.2045975,122.4093271,119.1628922,121.8048894,111039900
25-02-2021,117.9539642,123.2867053,117.5152592,121.5513725,148199500
26-02-2021,118.2172089,121.7171209,118.1587094,119.5138293,164560400
01-03-2021,124.5833511,124.7198375,119.7088167,120.6447264,116307900
02-03-2021,121.9803391,125.490002,121.8730987,125.1877833,102260900
03-03-2021,118.997139,122.5555508,118.7826583,121.6781331,112966300
04-03-2021,117.1155701,120.4984984,115.6434659,118.694922,178155000
05-03-2021,118.3732147,118.8801706,114.619824,117.9442607,153766600
08-03-2021,113.4401703,117.9637378,113.2939328,117.8954946,154376600
09-03-2021,118.0514755,118.9971364,115.8091941,116.0431696,129525800
10-03-2021,116.9693375,119.1043786,116.4526305,118.6364274,111943300
11-03-2021,118.8996353,120.1182688,118.2172035,119.4650831,103026500
12-03-2021,117.9929733,118.1294597,116.1699023,117.3787847,88105100
15-03-2021,120.8787231,120.8884743,117.3983053,118.3634686,92403800
16-03-2021,122.4190598,124.0276576,121.5903904,122.545795,115227900
17-03-2021,121.6293869,122.701783,119.2701066,120.9372039,111932600
18-03-2021,117.5055313,120.0890362,117.3008017,119.7965611,121229700
19-03-2021,116.9790878,118.3829563,116.676869,116.8913498,185549500
22-03-2021,120.2937775,120.7617361,117.2423211,117.3105643,111912300
23-03-2021,119.4650955,121.1224343,119.0751313,120.2352729,95467100
24-03-2021,117.0765762,119.8160699,117.0570814,119.7380756,88530500
25-03-2021,117.5640335,118.6071912,116.0139349,116.5403856,98844700
26-03-2021,118.1684723,118.4317013,115.9359344,117.3300517,94071200
29-03-2021,118.343956,119.5040977,117.7005213,118.5974339,80819200
30-03-2021,116.8913422,117.3787956,115.8774381,117.0960717,85671900
31-03-2021,119.0848923,120.4205101,118.1099853,118.5974388,118323800
01-04-2021,119.913559,121.0639495,119.4163543,120.5570011,75089100
05-04-2021,122.7407837,122.9942616,119.9817953,120.7617238,88651200
06-04-2021,123.0429993,123.9399118,122.4970538,123.3257232,80171300
07-04-2021,124.6906052,124.7101,121.9998598,122.672548,83466700
08-04-2021,127.0888748,127.1181208,125.2950495,125.7142524,88844600
09-04-2021,129.6625977,129.7015874,126.221178,126.542899,106686700
12-04-2021,127.9468231,129.5164243,127.3521291,129.1947031,91420000
13-04-2021,131.0567627,131.2810021,128.6194948,129.116707,91266500
14-04-2021,128.7169647,131.6124396,128.3562539,131.5539475,87222800
15-04-2021,131.125,131.6124535,130.2865793,130.4620703,89347100
16-04-2021,130.7935181,131.2907152,129.9355952,130.9300044,84922400
19-04-2021,131.4564362,132.0706322,129.9940759,130.1598083,94264200
20-04-2021,129.7698517,132.1291245,128.5024698,131.6319273,94812300
21-04-2021,130.1500702,130.3937969,128.005278,129.0386769,68847100
22-04-2021,128.6292267,130.7837627,128.1125272,129.7016154,84566500
23-04-2021,130.9495239,131.7294377,128.8437211,128.8437211,78657500
26-04-2021,131.339447,131.6709118,130.2085515,131.4466874,66905100
27-04-2021,131.017746,132.0121552,130.7447732,131.6221835,66015800
28-04-2021,130.2280731,131.6319415,129.7406196,130.939751,107760100
29-04-2021,130.1305695,133.6304966,129.1264165,133.0455465,151101000
30-04-2021,128.1612701,130.2085657,127.781057,128.4732326,109839500
03-05-2021,129.2141724,130.7057938,128.5219967,128.7267188,75135100
04-05-2021,124.6418533,128.1905215,123.5207088,127.8980464,137564700
05-05-2021,124.8855896,127.1766121,124.7588469,125.9579783,84000900
06-05-2021,126.4844437,126.4941874,123.9399283,124.6808597,78128300
07-05-2021,127.1582642,128.1836433,126.4453625,127.7832638,78973300
10-05-2021,123.8770065,126.5039558,123.8379431,126.3770127,88071200
11-05-2021,122.9590378,123.3105936,119.8926234,120.6055176,126142800
12-05-2021,119.8926239,121.7187992,119.3848145,120.5078633,112172300
13-05-2021,122.041069,123.1934136,121.3477103,121.6602101,105861300
14-05-2021,124.4629364,124.8926265,122.9004373,123.2910639,81918000
17-05-2021,123.3105927,123.9551277,122.236375,123.8477052,74244600
18-05-2021,121.9238739,124.0137179,121.8555148,123.5937955,63342900
19-05-2021,121.7676239,121.9922292,119.9805121,120.2734839,92612000
20-05-2021,124.3262177,124.726612,122.1680146,122.2949725,76857100
21-05-2021,122.4902878,125.0000542,122.2754427,124.8242726,79295400
24-05-2021,124.1211472,124.9414639,122.988338,123.0566971,63092900
25-05-2021,123.9258194,125.3125442,123.3594112,124.8242554,72009500
26-05-2021,123.8770065,124.4043514,123.4570842,123.984429,56575900
27-05-2021,122.343811,124.6485003,122.1485014,123.4766277,94625600
28-05-2021,121.6895065,122.8516188,121.6309151,122.627006,71311100
01-06-2021,121.3672333,122.4121553,121.0352055,122.1484866,67637100
02-06-2021,122.128952,122.3047336,121.1426289,121.3672342,59278900
03-06-2021,120.6445618,121.9238566,120.2441675,121.7578427,76229200
04-06-2021,122.9394989,123.203175,120.9473098,121.1621548,75169300
07-06-2021,122.9492722,123.3594268,121.9043501,123.2129409,71057600
08-06-2021,123.769577,125.4492738,123.2519999,123.6328588,74403800
09-06-2021,124.150444,124.7559157,123.55474,124.2285709,56877900
10-06-2021,123.1543274,125.1855797,122.9883135,124.0429956,71186400
11-06-2021,124.3652954,124.45319,123.1445917,123.5645141,53522400
14-06-2021,127.4219208,127.4805122,124.0918452,124.8242674,96906500
15-06-2021,126.601593,127.5390998,126.3574523,126.8945648,62746300
16-06-2021,127.0996628,127.8223247,125.4492839,127.3145078,91815000
17-06-2021,128.7012329,129.4434303,126.6113887,126.7578821,96721700
18-06-2021,127.4023972,128.4277762,127.1875521,127.6465379,108953300
21-06-2021,129.1992798,129.3067023,126.1817039,127.2461539,79663300
22-06-2021,130.8398743,130.9375365,128.5351856,129.0332421,74783600
23-06-2021,130.566452,131.1719311,130.1074663,130.6348186,60214200
24-06-2021,130.2832794,131.4844478,129.8145184,131.2988984,68711000
25-06-2021,129.9902496,130.7519673,129.6972779,130.3320525,70783700
28-06-2021,131.6211548,132.0801406,130.2246769,130.2832683,62111300
29-06-2021,133.1347809,133.2910345,131.2011911,131.6406413,64556100
30-06-2021,133.7500305,134.1894807,132.6855659,132.9785377,63261400
01-07-2021,134.0527954,134.1113868,132.5781759,133.3985,52485800
02-07-2021,136.6797485,136.7188045,134.521538,134.6680165,78852600
06-07-2021,138.691452,139.7949578,136.7871576,136.7871576,108181800
07-07-2021,141.1817169,141.4942093,139.3164781,140.1758433,104911600
08-07-2021,139.8828888,140.6836627,137.3731147,138.2617906,105575500
09-07-2021,141.7090454,142.2363828,139.3066941,139.4043563,99890800
12-07-2021,141.113327,142.8906785,140.6250456,142.783256,76299700
13-07-2021,142.2266083,144.0039598,140.2637224,140.6543415,100827100
14-07-2021,145.6543884,146.0645581,144.2188394,144.629009,127050800
15-07-2021,145.0000458,146.4844255,143.642624,145.7422431,106820300
16-07-2021,142.9590302,146.2500421,142.4609885,144.9805223,93251400
19-07-2021,139.1114044,140.6934467,138.3496864,140.3809394,121434600
20-07-2021,142.7246552,143.6524018,139.6094322,140.0977136,96350000
21-07-2021,141.9922638,142.7051656,141.240321,142.1192218,74993500
22-07-2021,143.3594666,144.7266489,142.3926637,142.5196217,77338200
23-07-2021,145.0781708,145.2344244,143.4766083,144.0918477,71447400
26-07-2021,145.4981232,146.3184325,144.2383486,144.7949966,72434100
27-07-2021,143.3301239,145.7129395,142.1387161,145.6250375,104818600
28-07-2021,141.5820923,143.5254579,139.1992763,141.4160784,118931200
29-07-2021,142.2266083,143.115284,141.1914541,141.2988766,56699500
30-07-2021,142.441452,142.9004377,140.7324671,140.9961432,70440600
02-08-2021,142.1094208,143.5058984,141.8457447,142.9297299,62880000
03-08-2021,143.9062958,144.5703513,141.7773811,142.3926204,64786600
04-08-2021,143.5059204,144.3262297,142.851625,143.8184277,56368300
05-08-2021,143.613327,144.3750448,142.7441867,143.5352002,46397700
06-08-2021,142.9287262,143.8774127,142.4299383,143.1341182,54126800
09-08-2021,142.879837,143.4764336,142.3223699,142.9874205,48908700
10-08-2021,142.4006042,144.4642399,142.1071934,143.2221426,69023100
11-08-2021,142.6548615,143.4959643,142.3321111,142.8406888,48493500
12-08-2021,145.6182861,145.7747739,142.6353039,142.977619,72282600
13-08-2021,145.8237152,146.1562405,145.0119517,145.696567,59375000
16-08-2021,147.7993011,147.8677701,143.2514857,145.275992,103296000
17-08-2021,146.8897247,148.3469739,145.8138902,146.9288392,92229700
18-08-2021,143.1438599,147.408053,142.9384679,146.5082711,86326000
19-08-2021,143.4764252,144.7478621,141.3247707,141.8431234,86960300
20-08-2021,144.93367,145.2368557,143.5546499,144.2001506,60549600
23-08-2021,146.4203033,146.8897517,144.6402886,145.0510578,60131800
24-08-2021,146.3322449,147.5450025,145.8725715,146.1659822,48606400
25-08-2021,145.0999451,147.0168827,144.5522529,146.5180799,58991300
26-08-2021,144.2979736,145.8432568,144.268634,145.0901874,48597200
27-08-2021,145.334671,145.481369,143.6035608,144.2392717,55802400
30-08-2021,149.7553558,150.1172357,145.3444634,145.725893,90956700
31-08-2021,148.4936829,149.4423692,147.9655405,149.3054462,86453100
01-09-2021,149.158783,151.5745091,148.9925203,149.4717585,80313700
02-09-2021,150.2736969,151.3201919,149.0511643,150.4888638,71115500
03-09-2021,150.9094238,151.2321742,149.7260057,150.3812814,57808700
07-09-2021,153.2469177,153.8043849,150.9974546,151.5647116,82278300
08-09-2021,151.7016296,153.5892129,150.5964554,153.5305337,74420200
09-09-2021,150.6844788,152.6796453,150.5671055,152.0732739,57305700
10-09-2021,145.6965179,152.0634611,145.4324468,151.5940129,140893200
13-09-2021,146.2638092,148.0927133,145.4813853,147.3200792,102404300
14-09-2021,144.8652191,147.750408,143.6818159,147.046228,109296300
15-09-2021,145.755188,146.1561822,143.1536357,145.2955147,83281300
16-09-2021,145.5204926,145.696545,143.9849994,145.1781924,68034100
17-09-2021,142.8504944,145.5498561,142.5570836,145.5498561,129868800
20-09-2021,139.799057,141.6573007,138.1657552,140.6401601,123478900
21-09-2021,140.2782593,141.4225628,139.6425484,140.7672723,75834000
22-09-2021,142.6451263,143.2123684,140.5423611,141.2758807,76404300
23-09-2021,143.6035614,143.8480679,142.4397081,143.427509,64838200
24-09-2021,143.6915741,144.2294914,142.3614582,142.4592667,53477900
27-09-2021,142.1756287,142.7526753,140.6597004,142.2734372,74150700
28-09-2021,138.7917175,141.5693087,138.5765505,140.1022692,108972300
29-09-2021,139.6914978,141.2758956,138.9090738,139.3394077,74602000
30-09-2021,138.3906708,141.2073903,138.1755039,140.5032104,89056700
01-10-2021,139.5153809,139.779452,136.0531759,138.7818615,94639600
04-10-2021,136.0825348,139.0850817,135.231657,138.6449581,98322000
05-10-2021,138.0092316,139.1144056,136.2976863,136.4248344,80861100
06-10-2021,138.8796997,139.0263976,135.3294604,136.405295,83221100
07-10-2021,140.1413727,141.0509448,139.5839055,139.9164308,61732700
08-10-2021,139.7599335,141.0118058,139.4274082,140.8651078,58773200
11-10-2021,139.671875,141.6279268,138.6938491,139.1437476,64452200
12-10-2021,138.4004822,140.1022531,137.9408087,140.0826884,73035900
13-10-2021,137.8136444,138.2928676,136.1412134,138.1363948,78762700
14-10-2021,140.6010437,140.718417,138.4004847,138.9873064,69907100
15-10-2021,141.6573029,141.715982,140.3565263,140.6108226,67940300
18-10-2021,143.3297272,143.6133482,140.0142193,140.2978403,85589200
19-10-2021,145.4911194,145.8921136,143.3296906,143.7795742,76378900
20-10-2021,145.9801788,146.459417,144.8652296,145.4324866,58418800
21-10-2021,146.1953278,146.3518155,144.6207052,145.5400521,61421000
22-10-2021,145.4226837,146.8799329,145.3737794,146.4007097,58883400
25-10-2021,145.3737946,146.0877494,144.3762038,145.412909,50720600
26-10-2021,146.0388794,147.5254685,145.7356787,146.0486543,60893400
27-10-2021,145.5791626,146.4398153,145.2270727,146.0779504,56094900
28-10-2021,149.2174225,149.8042291,146.4300426,146.5278512,100077900
29-10-2021,146.508316,146.6452391,143.1928081,143.9850069,124953200
01-11-2021,145.6867371,146.4104666,144.5522235,145.7160766,74588300
02-11-2021,146.7234955,148.2394391,145.3835894,145.3933792,69122000
03-11-2021,148.1612244,148.6306729,146.5279221,147.0853894,54511500
04-11-2021,147.6428375,149.0805223,147.329862,148.249209,60394600
05-11-2021,148.1717377,149.0728332,146.9768031,148.769205,65463900
08-11-2021,147.3489685,148.4557556,147.0747228,148.2990395,55020900
09-11-2021,147.71138,148.3186364,146.9767899,147.1139128,56787900
10-11-2021,144.8807678,147.0453668,144.8122138,146.9376263,65187100
11-11-2021,144.8317871,146.3597322,144.6456885,145.8994028,41000000
12-11-2021,146.9082031,147.3097676,144.4497658,145.3802435,63804000
15-11-2021,146.9180145,148.7593918,146.3597189,147.2804075,59222800
16-11-2021,147.8974609,148.3773985,146.2715647,146.8592427,59256200
17-11-2021,150.3362885,151.8152575,147.8876553,147.8974444,88807000
18-11-2021,154.6263123,155.409878,149.9053544,150.5517972,137827700
19-11-2021,157.251236,157.7115802,153.3138294,154.4108123,117305600
22-11-2021,157.7115936,162.2954285,157.6920004,158.3580215,117467900
23-11-2021,158.0935822,158.4755684,155.7918606,157.8095323,96041900
24-11-2021,158.6126862,158.8085738,156.3599403,157.4471342,69463600
26-11-2021,153.588089,157.1532989,153.1473379,156.29139,76959800
29-11-2021,156.9476013,157.878079,155.5273821,156.0954668,88748200
30-11-2021,161.9036255,162.1191064,156.6341622,156.7027311,174048100
01-12-2021,161.3845215,166.8008969,161.1494473,164.0388315,152052500
02-12-2021,160.3953247,160.8262867,154.5577893,155.4784781,136739200
03-12-2021,158.51474,161.5706449,156.4383035,160.6499562,118023100
06-12-2021,161.9232788,164.4306777,160.9046387,160.9144278,107497000
07-12-2021,167.6628571,168.0546475,164.8812125,165.6060135,120405400
08-12-2021,171.4826965,172.3446203,167.192686,168.5933121,116998900
09-12-2021,170.9733887,173.1183941,170.3465391,171.3162034,108923700
10-12-2021,175.7628937,175.939203,171.1007013,171.6100212,115402700
13-12-2021,172.1291656,178.387873,171.9234738,177.3986154,153237000
14-12-2021,170.7481079,174.0880475,168.6716715,171.6492032,139380400
15-12-2021,175.6160278,175.8119156,168.769642,171.512115,131063300
16-12-2021,168.7206573,177.4182094,167.2416879,175.5964252,150185800
17-12-2021,167.623642,169.90577,166.2034376,166.4384969,195432700
20-12-2021,166.262207,167.0751551,164.0192654,164.8224094,107499100
21-12-2021,169.4356689,169.6413458,165.6451737,168.0350426,91185900
22-12-2021,172.0312195,172.2467005,168.6129212,169.4846343,92135300
23-12-2021,172.6580505,173.2163462,171.6688079,172.2368927,68356600
27-12-2021,176.6248474,176.7129946,173.4318345,173.4514128,74919600
28-12-2021,175.6061859,177.6042791,174.8618067,176.4583205,79144300
29-12-2021,175.6943665,176.9186833,174.4798388,175.6453908,62348900
30-12-2021,174.5385895,176.8599042,174.430849,175.7824995,59773000
31-12-2021,173.9215546,175.5474359,173.6179114,174.4308596,64062300
03-01-2022,178.2702484,179.1223827,174.0586122,174.1761417,104487900
04-01-2022,176.007782,179.1812165,175.4396972,178.8775884,99310400
05-01-2022,171.3259888,176.4681192,171.051743,175.9196277,94537600
06-01-2022,168.4659882,171.6981874,168.1133843,169.1516026,96904000
07-01-2022,168.6324921,170.5620165,167.5159158,169.3376997,86709100
10-01-2022,168.6520996,168.9557278,164.7146924,165.6059986,106765600
11-01-2022,171.4826965,171.5806329,167.3102306,168.7794106,76138300
12-01-2022,171.9234772,173.5395695,171.2280735,172.5013512,74805200
13-01-2022,168.6520996,172.9910714,168.2603092,172.1683341,84505800
14-01-2022,169.5140076,170.2094111,167.5746791,167.8195424,80440800
18-01-2022,166.311203,168.994896,165.9292167,167.9860601,90956700
19-01-2022,162.8145294,167.5648842,162.5304945,166.5070728,94815000
20-01-2022,161.1298676,166.1936397,160.8066462,163.5491186,91420500
21-01-2022,159.0730286,162.9124841,158.9652881,161.0417245,122848900
24-01-2022,158.2992554,158.9652915,151.5214396,156.7321389,162294600
25-01-2022,156.4971313,159.4158996,153.7938442,155.7135653,115798400
26-01-2022,156.4088745,161.0123013,154.5773019,160.1405886,108275300
27-01-2022,155.9485931,160.4736637,155.0279044,159.1122239,121954600
28-01-2022,166.8303375,166.8499308,159.4550529,162.3052666,179935700
31-01-2022,171.1888733,171.4043542,166.0271494,166.6638031,115541600
01-02-2022,171.0223541,171.2476242,168.7696084,170.4346761,86213900
02-02-2022,172.227066,172.2662525,169.7686436,171.1594655,84914300
03-02-2022,169.3474731,172.6188586,168.5835008,170.8950112,89418100
04-02-2022,169.0631104,170.7401163,167.3861044,168.3668058,82465400
07-02-2022,168.3471985,170.592998,167.6508939,169.5240371,77251200
08-02-2022,171.4560394,171.9660084,168.1216455,168.4158589,74829200
09-02-2022,172.878006,173.2408606,171.5246335,172.6524489,71285000
10-02-2022,168.7982941,172.0934509,168.2393021,170.7793148,90865900
11-02-2022,165.3854523,169.7397681,164.7970256,169.0042421,98670700
14-02-2022,165.6208038,166.3072916,163.3455701,164.1399356,86185500
15-02-2022,169.4553833,169.6122991,166.9644084,167.6705146,62527400
16-02-2022,169.2200012,169.9947486,166.7682481,168.5335133,61177400
17-02-2022,165.6208038,168.5923269,165.2187128,167.7293052,69589300
18-02-2022,164.0713501,167.2488131,162.9827709,166.5427219,82772700
22-02-2022,161.1488342,163.4730914,159.0206994,161.7960857,91162800
23-02-2022,156.9808655,162.9435163,156.6670339,162.3452879,90009200
24-02-2022,159.59935,159.7072277,149.0666116,149.6354202,141147500
25-02-2022,161.6686096,161.9333882,157.7654078,160.6780918,91974200
28-02-2022,161.9333954,162.2276088,159.2953065,159.9131531,95056600
01-03-2022,160.0504303,163.3848233,158.844172,161.5214821,83474400
02-03-2022,163.3455963,164.1301603,159.8052642,161.2174764,79724800
03-03-2022,163.0220184,165.6503064,162.3551485,165.2187953,76678400
04-03-2022,160.0210419,162.3551159,158.9716992,161.3155749,83737200
07-03-2022,156.2257385,161.8353518,155.9707466,160.2073839,96418800
08-03-2022,154.4016418,159.7366602,152.793292,155.7550147,131148300
09-03-2022,159.8052673,160.2563965,156.3335915,158.3636353,91454900
10-03-2022,155.4607849,157.2946917,152.9697951,157.108356,105342000
11-03-2022,151.743927,156.2061215,151.5183699,155.86287,96970100
14-03-2022,147.7132263,151.1456809,147.2032724,148.5272102,108732100
15-03-2022,152.0969849,152.5677323,147.4778894,147.9878434,92964300
16-03-2022,156.5101318,156.912223,151.4791439,154.0191569,102300200
17-03-2022,157.5202484,157.8929197,154.5879609,155.5490441,75615400
18-03-2022,160.8153687,161.3057192,156.6768086,157.4123345,123511700
21-03-2022,162.188385,163.1396665,159.8641128,160.3544634,95811400
22-03-2022,165.5620117,166.1504236,161.7274658,162.3158776,81532000
23-03-2022,166.9251709,169.3082678,164.4145631,164.7480129,98062700
24-03-2022,170.7106781,170.7793194,166.9251706,167.7587577,90131400
25-03-2022,171.3481445,171.8973349,169.4161616,170.524359,80546200
28-03-2022,172.2111969,172.3386779,168.6806654,168.8473828,90371900
29-03-2022,175.5063324,175.5553555,172.9368845,173.280136,100589400
30-03-2022,174.3393097,176.1437969,173.2899519,175.1042557,92633200
31-03-2022,171.2402496,174.5942462,171.0342958,174.4079106,103049300
01-04-2022,170.9460449,171.5050519,168.6217876,170.6714497,78751300
04-04-2022,174.9963684,175.0454065,171.0735626,171.2010586,76468400
05-04-2022,171.6815643,174.8590419,171.0539161,174.0744779,73401800
06-04-2022,168.5139313,170.2791969,166.8467418,169.0337018,89058800
07-04-2022,168.8179321,170.014389,166.5721326,167.856849,77594700
08-04-2022,166.8074951,168.4648829,165.9346715,168.4648829,76575500
11-04-2022,162.5512543,165.7679536,162.3060789,165.454137,72246700
12-04-2022,164.4243622,166.5917034,163.4240428,164.7774152,79265200
13-04-2022,167.111496,167.7391442,163.5515604,164.1595904,70618900
14-04-2022,162.1001282,167.9647333,161.8549528,167.3272684,75329400
18-04-2022,161.8843536,163.3848253,160.4133018,160.7565383,69023900
19-04-2022,164.1693878,164.5812955,160.7467499,161.835329,67723800
20-04-2022,164.002655,165.620821,162.8944729,165.5031266,67929800
21-04-2022,163.208313,168.2196974,162.7081607,165.6502647,87227800
22-04-2022,158.6676483,164.6303137,158.3832515,163.2475363,84882400
25-04-2022,159.7366333,160.0210301,155.4019353,158.0105894,96046400
26-04-2022,153.7739563,159.2070345,153.6954984,159.118775,95623200
27-04-2022,153.5484009,156.7062451,152.381364,152.9011345,88063200
28-04-2022,160.4819794,161.3450014,155.8628691,156.1767007,130216800
29-04-2022,154.6075592,162.9925586,154.2152847,158.7167002,131747600
02-05-2022,154.9116211,155.1763997,150.3121285,153.6857442,123055300
03-05-2022,156.4022369,157.6085103,153.3032322,155.0979024,88966500
04-05-2022,162.8160248,163.267139,156.1864748,156.5885659,108256500
05-05-2022,153.7445679,160.913493,151.9596841,160.6879358,130525300
06-05-2022,154.471344,156.592775,151.4266968,153.224019,116124600
09-05-2022,149.3445587,153.0472395,148.7847454,152.1633024,131577900
10-05-2022,151.7507935,153.9409815,150.1990069,152.7427667,115366700
11-05-2022,143.8838501,152.6740209,143.2061695,150.7588463,142689800
12-05-2022,140.0141754,143.5891721,136.3213265,140.2204319,182602000
13-05-2022,144.4829712,145.4552976,140.5544015,142.0079681,113990900
16-05-2022,142.9410095,144.8856624,141.6052952,142.9508405,86643800
17-05-2022,146.5748901,147.0954242,144.0605938,146.2016713,78336300
18-05-2022,138.3052979,144.7285025,137.4017137,144.2276152,109742900
19-05-2022,134.8972321,139.1302624,134.1606254,137.3820505,136095600
20-05-2022,135.1329498,138.1874129,130.2418856,136.6061632,137426100
23-05-2022,140.5543365,140.7016518,135.1918349,135.3293341,117726300
24-05-2022,137.8534698,139.4347193,134.8775804,138.2954308,104132700
25-05-2022,138.0106201,139.2579299,135.8695424,135.9579316,92482700
26-05-2022,141.2124176,141.7624149,134.6909934,134.936529,90601500
27-05-2022,146.9677734,147.0070525,142.6659854,142.7936687,90978500
31-05-2022,146.1820221,147.9695279,144.217738,146.4079256,103718400
01-06-2022,146.0543671,149.0302566,145.0427469,147.2231036,74286600
02-06-2022,148.5097656,148.5686918,144.23744,145.1901194,72348100
03-06-2022,142.783844,145.3275888,141.8802749,144.2766894,88570300
06-06-2022,143.5302887,145.9169025,142.3124267,144.4043948,71598400
07-06-2022,146.0543671,146.3391817,141.5266911,141.7722267,67808200
08-06-2022,145.3177795,147.1936599,144.8267084,145.926703,53950200
09-06-2022,140.0927887,145.3079623,139.9847524,144.4535033,69473000
10-06-2022,134.6811676,138.2463337,134.6124105,137.7749096,91437900
13-06-2022,129.5249634,132.7856688,129.0928183,130.4972749,122207100
14-06-2022,130.3892212,131.4990469,129.1320801,130.7526241,84784300
15-06-2022,133.0115051,134.8874002,129.7999111,131.8918637,91533000
16-06-2022,127.7374039,130.0257968,126.7356147,129.7213352,108123900
17-06-2022,129.2106323,130.7034927,127.4918834,127.74725,134520300
21-06-2022,133.4436493,134.6124008,130.9391988,131.037404,81000500
22-06-2022,132.9329681,135.2999197,131.5186808,132.3829559,73409200
23-06-2022,135.8008118,136.1150895,133.2079569,134.3767085,72433800
24-06-2022,139.1302795,139.3758151,137.2740312,137.4016995,89116800
27-06-2022,139.1302795,140.9276017,138.452599,140.1517009,70207900
28-06-2022,134.9856415,140.8588483,134.8677892,139.5918913,67083400
29-06-2022,136.7436676,138.1579549,134.2293857,135.0052865,66242400
30-06-2022,134.2784729,135.8990014,131.3811566,134.799007,98964500
01-07-2022,136.4490051,136.5570414,133.237411,133.6106148,71051600
05-07-2022,139.0320587,139.0811688,134.4847352,135.3097461,73353800
06-07-2022,140.3677673,141.546335,138.5606292,138.8258118,74064300
07-07-2022,143.7365265,143.9329519,140.7213425,140.7311586,66253700
08-07-2022,144.4141693,144.9150714,142.410606,142.6659576,64547800
11-07-2022,142.2829285,144.0213243,141.2123971,143.0686452,63141600
12-07-2022,143.2552948,145.7990401,142.4597618,143.1570746,77588800
13-07-2022,142.8918915,143.8347397,139.5820617,140.4365357,71185600
14-07-2022,145.8186646,146.2900886,140.6918807,141.5070606,78140700
15-07-2022,147.4883118,148.1659924,145.5534902,147.1052769,76259900
18-07-2022,144.4436493,148.8632888,144.0802465,148.0481091,81420900
19-07-2022,148.3034821,148.5293706,144.2865238,145.2784821,82982400
20-07-2022,150.3070221,150.9748865,147.6847045,148.421311,64823400
21-07-2022,152.5758057,152.7918782,149.226697,151.7409788,65086600
22-07-2022,151.3383179,153.4892121,150.6704682,152.615106,66675400
25-07-2022,150.2186584,152.2713322,149.5606249,151.2597269,53623900
26-07-2022,148.8927612,150.3561435,148.1070445,149.5409637,55138700
27-07-2022,153.9900513,154.5204164,149.4427436,149.8552415,78620700
28-07-2022,154.5400848,154.8248995,151.6525843,154.176682,81378700
29-07-2022,159.6079254,160.7079349,156.6516828,158.3606156,101786900
01-08-2022,158.6257629,160.6686203,158.0168396,158.1346919,67829400
02-08-2022,157.1525726,159.509723,156.7793688,157.2409768,59907000
03-08-2022,163.163269,163.615046,157.8793398,157.967729,82507500
04-08-2022,162.8490448,164.2044062,161.4936834,163.0454703,55474100
05-08-2022,162.6228027,163.114556,160.3115565,160.5180995,56697000
08-08-2022,162.1506958,165.042207,161.4917483,163.6259554,60276900
09-08-2022,162.1998749,163.0850396,160.557421,161.3147251,63135500
10-08-2022,166.4486389,166.5469806,164.1472224,164.9143562,70170500
11-08-2022,165.7110138,168.16978,165.4159588,167.2551112,57149200
12-08-2022,169.2614746,169.3303123,166.6059951,167.019081,68039400
15-08-2022,170.3334961,170.5301944,168.5238477,168.691042,54091700
16-08-2022,170.1761169,170.8449091,168.8287179,169.9302403,56377100
17-08-2022,171.671051,173.2446523,169.7237125,169.9204108,79542000
18-08-2022,171.2776489,172.0152788,170.2646384,170.8842523,62290100
19-08-2022,168.6910248,170.8744102,168.4844818,170.1761141,70346300
22-08-2022,164.8061829,167.058406,164.3832673,166.8912117,69026800
23-08-2022,164.4718018,165.9274023,163.9013661,164.3242818,54147100
24-08-2022,164.7668152,165.3372507,163.5079283,164.5602873,53841500
25-08-2022,167.2256012,167.3337875,165.5733176,165.9962181,51218200
26-08-2022,160.9213409,168.2288026,160.8623329,167.7567236,78961000
29-08-2022,158.7182617,160.2131806,157.1839942,158.4920445,73314000
30-08-2022,156.2889862,159.8787781,155.1186113,159.4558776,77906200
31-08-2022,154.6268768,157.9314589,154.5481945,157.665908,87991100
01-09-2022,155.3546753,155.8070798,152.1189309,154.0564397,74229900
02-09-2022,153.2401276,157.7150846,152.4139858,157.1151451,76957800
06-09-2022,151.9812622,154.4990365,151.1551203,153.8892673,73714800
07-09-2022,153.3876495,154.0859306,151.0764037,152.266453,87449600
08-09-2022,151.9124603,153.7811172,150.1618045,152.0894843,84923800
09-09-2022,154.7744293,155.2170193,152.1976468,152.9057728,68028800
12-09-2022,160.734436,161.5507481,156.672565,156.9577752,104956000
13-09-2022,151.3026428,157.8921337,150.8403935,157.2626901,122656600
14-09-2022,152.7484131,154.5088984,151.0764548,152.2369854,87965400
15-09-2022,149.8568726,152.6795463,148.8832108,152.0992661,90481100
16-09-2022,148.2144165,148.8537047,145.9228447,148.7160144,162278800
19-09-2022,151.9320831,152.0107655,146.6408283,146.8473562,81474200
20-09-2022,154.312149,155.4726944,150.5551624,150.8698766,107689800
21-09-2022,151.1846008,156.121807,151.0665849,154.7448891,101696800
22-09-2022,150.2207947,151.9222568,148.4209759,149.8667317,86652500
23-09-2022,147.9488831,148.9717383,146.1097306,148.6963576,96029900
26-09-2022,148.2832489,151.2337678,147.171882,147.1915563,93339400
27-09-2022,149.2569427,152.1681286,147.4767984,150.2207899,84442700
28-09-2022,147.3686066,148.1554147,142.4510742,145.2048953,146691400
29-09-2022,140.1300049,144.3000779,138.3596901,143.6903087,128138200
30-09-2022,135.920578,140.7397682,135.7238797,138.9497794,124925300
03-10-2022,140.1004639,140.710248,135.4189795,135.9304069,114311700
04-10-2022,143.6902924,143.8083083,141.8806292,142.6379333,87830100
05-10-2022,143.985321,144.9491681,140.6512352,141.6937645,79471000
06-10-2022,143.0313568,145.1065563,142.8248288,143.4050941,68402200
07-10-2022,137.7794189,140.739783,137.1499754,140.1890068,85925600
10-10-2022,138.1039886,139.5497445,136.2845105,138.1039886,74899000
11-10-2022,136.6877289,139.0186495,135.9402693,137.5925531,77033700
12-10-2022,136.0582733,138.0449605,135.8812494,136.8352518,70433700
13-10-2022,140.6316071,141.221702,132.1537704,132.7635547,113224000
14-10-2022,136.0976563,142.1363865,135.9107876,141.9298435,88598000
17-10-2022,140.0611725,140.5430811,137.9564691,138.7432773,85250900
18-10-2022,141.3790741,144.2804156,138.290864,143.090381,99136600
19-10-2022,141.4872437,142.5592621,139.1661677,139.3530364,61758300
20-10-2022,141.0249634,143.4837291,140.2971633,140.6610709,64522000
21-10-2022,144.8410034,145.411439,140.2971933,140.5135659,86548600
24-10-2022,146.9850311,147.7521649,143.591937,144.762312,75981900
25-10-2022,149.8273926,149.9749276,146.8965471,147.6145027,74732300
26-10-2022,146.8867035,149.4831601,145.5982974,148.4701496,88194300
27-10-2022,142.4117432,146.5916458,141.7527956,145.6278136,109180200
28-10-2022,153.1713257,154.9022919,145.3819551,145.7556774,164762400
31-10-2022,150.8108826,151.6960474,149.4143051,150.6338586,97943200
01-11-2022,148.1652374,152.8860713,146.6703185,152.5221787,80379300
02-11-2022,142.6379395,149.6601749,142.6084355,146.4932829,93604600
03-11-2022,136.589386,140.4447296,136.4615253,139.7169294,97918500
04-11-2022,136.3234253,140.5496614,132.3828726,139.9782795,140814800
07-11-2022,136.8553619,137.0819395,133.6536636,135.0722647,83374600
08-11-2022,137.4267273,139.3280361,135.4466057,138.3232063,89908500
09-11-2022,132.8655853,136.4909017,132.5897478,136.4416418,74917800
10-11-2022,144.6872253,144.6872253,137.4267625,139.1409082,118854000
11-11-2022,147.4751282,147.7805185,142.2243418,143.6528037,93979700
14-11-2022,146.0762482,148.046524,145.2388749,146.7559957,73374100
15-11-2022,147.8101196,151.307363,146.3521194,149.9577286,89868300
16-11-2022,146.5786743,147.6426251,145.1009673,146.9136327,64218300
17-11-2022,148.4799957,149.2286952,143.977908,144.2537454,80389400
18-11-2022,149.0415192,150.4305673,147.7411448,150.0463641,74829600
21-11-2022,145.810257,148.135183,145.5245736,147.9283125,58724100
22-11-2022,147.9480133,148.1844518,144.7463149,145.9284925,51804100
23-11-2022,148.8248138,149.5735134,147.1205142,147.22888,58301400
25-11-2022,145.908783,146.6673434,144.933491,146.1058075,35195900
28-11-2022,142.0766144,144.4606467,141.249102,142.9829396,69246000
29-11-2022,139.0719452,142.6578473,138.2641398,142.1455713,83763800
30-11-2022,145.8299866,146.5097342,138.4611581,139.2985164,111380900
01-12-2022,146.105835,146.9136555,144.4311031,146.0073302,71250400
02-12-2022,145.6132355,145.8004141,143.4853339,143.7907393,65447400
05-12-2022,144.4508209,148.6770572,143.6036015,145.5738779,68826400
06-12-2022,140.7861023,145.1108583,139.8108101,144.8842808,64727200
07-12-2022,138.8453369,141.2392148,137.9193049,140.0767593,69721100
08-12-2022,140.5299072,141.3869874,139.0029556,140.2442239,62128300
09-12-2022,140.047226,143.4065502,138.8059424,140.2245436,76097000
12-12-2022,142.3425751,142.352421,138.9635444,140.5791699,70462700
13-12-2022,143.3080292,147.7411503,142.0963136,147.2781342,93886200
14-12-2022,141.0815887,144.4803111,139.0620533,143.189783,82291200
15-12-2022,134.4713135,139.692547,134.0082975,139.0127995,98931900
16-12-2022,132.51091,135.6042428,131.7425036,134.6585187,160156900
19-12-2022,130.40271,133.1906523,129.3683271,133.1019934,79592600
20-12-2022,130.3337708,131.2696489,127.9595844,129.4372915,77432800
21-12-2022,133.4369354,134.7767237,130.7770659,131.0036434,85928000
22-12-2022,130.2647858,132.560159,128.3634768,132.3532884,77852100
23-12-2022,129.9002838,130.4519586,127.7132765,128.9742518,63814900
27-12-2022,128.0974884,129.4569836,126.8069601,129.4274307,69007800
28-12-2022,124.1668015,129.0826382,123.9993298,127.7428499,85438400
29-12-2022,127.6837463,128.5408117,125.8316895,126.08782,75703700
30-12-2022,127.9989624,128.0186694,125.5361251,126.5015636,77034200
03-01-2023,123.2112122,128.9545611,122.3245864,128.3437804,112117500
04-01-2023,124.4820404,126.7478609,123.2210649,125.0041624,89113600
05-01-2023,123.1619492,125.8710787,122.9058187,125.2405909,80962700
06-01-2023,127.6935883,128.3536289,123.0338895,124.1372468,87754700
09-01-2023,128.2157288,131.4272889,127.9595982,128.5309802,70790800
10-01-2023,128.7870789,129.3092008,126.2158682,128.3240628,63896200
11-01-2023,131.5060577,131.5257497,128.5210912,129.2993435,69458900
12-01-2023,131.4272461,132.2646043,129.4865233,131.8902621,71379600
13-01-2023,132.7571869,132.9148126,129.7032682,130.0677645,57809700
17-01-2023,133.9196777,135.2496052,132.1365802,132.8261738,63646600
18-01-2023,133.2005005,136.5499633,133.0231679,134.7865731,69672800
19-01-2023,133.2595978,134.2250286,131.781891,132.0872814,58280400
20-01-2023,135.8209686,135.9687483,132.225221,133.2694649,80223600
23-01-2023,139.0127869,141.1899479,135.8504881,136.0672196,81760300
24-01-2023,140.4117432,141.032385,138.2148892,138.2247352,66435100
25-01-2023,139.7516327,140.3131534,136.7469597,138.7960479,65799300
26-01-2023,141.8204651,142.1061485,139.7910683,141.0421977,54105100
27-01-2023,143.7611694,145.0418517,140.9535354,141.0323482,70555800
30-01-2023,140.8747406,143.3868456,140.7269759,142.8056178,64015300
31-01-2023,142.1455536,142.1948135,140.1654316,140.5791878,65874500
01-02-2023,143.2686157,144.4310864,139.2197129,141.8303226,77663600
02-02-2023,148.5784912,148.9331264,145.967867,146.6870134,118339000
03-02-2023,152.2038269,155.0410293,145.632958,145.8299826,154357300
06-02-2023,149.4749603,150.8246094,148.5390824,150.3024875,69858300
07-02-2023,152.3515778,152.9229596,148.40118,148.40118,83322600
08-02-2023,149.6621399,152.2826102,148.9232865,151.5930167,64120100
09-02-2023,148.6277771,152.0363615,148.184468,151.4945325,56007100
10-02-2023,148.9928284,149.3184221,147.2267455,147.4635451,57450700
13-02-2023,151.7948761,152.1993879,148.9040072,148.9336053,62199000
14-02-2023,151.1535797,151.715973,148.8448406,150.0880043,61707600
15-02-2023,153.2551117,153.422839,150.8378417,151.0647651,65573800
16-02-2023,151.6567383,154.2417353,151.3015466,151.4593979,68167900
17-02-2023,150.5122681,150.956254,148.8349794,150.3149426,59144100
21-02-2023,146.4966125,149.2789505,146.4275554,148.1936381,58867200
22-02-2023,146.9208679,147.946969,145.1942444,146.8813938,51011300
23-02-2023,147.4043427,148.3317888,145.2732069,148.0851282,48394200
24-02-2023,144.7502747,145.2238587,143.7734935,145.1449255,55469600
27-02-2023,145.9441071,147.1774098,145.480384,145.7369206,44998500
28-02-2023,145.4409485,147.0886394,144.8686941,145.0857566,50547000
01-03-2023,143.3689728,145.263324,143.0729771,144.8686731,55479000
02-03-2023,143.9609375,144.7502541,141.9777774,142.4513764,52238100
03-03-2023,149.012558,149.0914912,145.3619852,146.0624926,70732300
06-03-2023,151.775177,154.2121845,151.4101242,151.7357029,87558000
07-03-2023,149.5749359,151.9724688,149.111213,151.6468751,56182000
08-03-2023,150.8279724,151.4199637,149.8018713,150.7687763,47204800
09-03-2023,148.5784302,152.4756635,148.2232384,151.5087584,53833600
10-03-2023,146.5163269,148.9237356,145.6382162,148.2034912,68572400
13-03-2023,148.4600372,151.0943698,145.7270344,145.8355656,84457100
14-03-2023,150.5516815,151.350859,148.0949529,149.2591831,73695900
15-03-2023,150.9463654,151.2028869,147.9173672,149.1704067,77167900
16-03-2023,153.7681885,154.3700408,149.6144183,150.1274765,76161100
17-03-2023,152.9295349,154.6462977,152.2191514,153.9951103,98944600
20-03-2023,155.2974548,155.7118577,152.0908681,152.9985921,73641400
21-03-2023,157.1523438,157.270736,154.4489391,155.2185338,73938300
22-03-2023,155.7217255,159.9741505,155.7019884,157.1720906,75701800
23-03-2023,156.8070221,159.3920346,155.5737195,156.7083669,67622100
24-03-2023,158.1094208,158.198215,155.7414854,156.7379886,59196500
27-03-2023,156.1656952,158.6224392,155.7611684,157.8035245,52390300
28-03-2023,155.5441132,156.3729039,153.8964227,155.8598458,45992200
29-03-2023,158.6224518,158.8987104,157.2214218,157.2411438,51305700
30-03-2023,160.1911926,160.2997238,159.1157565,159.372278,49501700
31-03-2023,162.6972961,162.7959664,159.7472455,160.2701647,68749800
03-04-2023,163.9503021,164.0686943,162.0263532,162.0756883,56976200
04-04-2023,163.4175262,164.6113547,162.9044682,164.3745702,46278300
05-04-2023,161.572525,162.8453019,159.6387147,162.5394452,51511700
06-04-2023,162.460495,162.7564906,159.8360233,160.2602722,45390100
10-04-2023,159.8656158,159.8656158,157.9416668,159.2637636,47716900
11-04-2023,158.6520386,160.1911977,158.365904,160.1813367,47644200
12-04-2023,157.9614105,159.8952207,157.6456778,159.0664449,50133100
13-04-2023,163.3484497,163.5852492,159.2637524,159.4709538,68445600
14-04-2023,163.0031586,164.098332,161.6317266,162.3914302,49386500
17-04-2023,163.0228882,163.1807546,161.8389205,162.8847589,41516200
18-04-2023,164.2463226,165.1737687,163.4372688,163.8812698,49923000
19-04-2023,165.3908081,165.9137272,163.3287148,163.5852514,47720200
20-04-2023,164.4239044,165.627609,163.3484681,163.8713872,52456400
21-04-2023,162.8157196,164.2266109,162.2928004,162.8453177,58337300
24-04-2023,163.1215363,163.3879338,161.7007693,162.7959426,41949600
25-04-2023,161.5823822,164.0884465,161.5429081,162.9834122,48714100
26-04-2023,161.572525,163.0722254,160.6253569,160.8818785,45498800
27-04-2023,166.1604156,166.308406,162.9834266,162.9834266,64902300
28-04-2023,167.4134369,167.5811793,165.637493,166.2393453,55275900
01-05-2023,167.3246307,168.1731435,166.3873237,167.0187741,52472900
02-05-2023,166.288681,168.0745162,165.3020388,167.8179796,48425700
03-05-2023,165.2132416,168.6368914,164.9271219,167.2358612,65136000
04-05-2023,163.5754089,164.8087117,162.1151826,162.6874369,81235400
05-05-2023,171.2514648,171.9717093,168.4789881,168.6960505,113453200
08-05-2023,171.1823883,171.527719,169.8109565,170.1760092,55962800
09-05-2023,169.4755096,171.2218552,169.3077823,170.7384103,45326900
10-05-2023,171.2415771,171.7053001,169.6037479,170.7087971,53724500
11-05-2023,171.4290619,172.2578376,169.8701656,171.5277321,49514700
12-05-2023,170.5003357,171.9724561,168.9491578,171.5377307,45533100
15-05-2023,170.0063477,171.1326749,169.4135375,171.0832715,37266700
16-05-2023,170.0063477,171.0635072,169.7395816,169.9273053,42110300
17-05-2023,170.6189117,170.8560237,168.3761319,169.6506692,57951600
18-05-2023,172.9506073,173.138331,170.5102291,170.9251902,65496700
19-05-2023,173.0592957,174.2745399,172.8419329,174.2745399,55809500
22-05-2023,172.1107941,172.6146872,171.3697889,171.8934313,43570900
23-05-2023,169.5024414,171.300621,169.2258007,171.0536193,50747300
24-05-2023,169.7790833,170.352129,168.4749221,169.0380782,45143500
25-05-2023,170.9153137,171.8143885,169.6309018,170.3422679,56058300
26-05-2023,173.3260193,173.661953,171.0338514,171.2413395,54835000
30-05-2023,175.1736145,176.8433485,174.4523737,174.8376958,55964400
31-05-2023,175.1242065,177.1990269,174.6400778,175.2032489,99625300
01-06-2023,177.9301453,177.9597843,174.8080401,175.5688096,68901800
02-06-2023,178.7798309,179.5998784,177.110097,178.8588733,61996900
05-06-2023,177.4262695,182.7318614,175.9047306,180.4396934,121946500
06-06-2023,177.0606995,177.9597742,175.3020335,177.8115792,64848400
07-06-2023,175.6873779,179.0367204,175.1933745,176.2999373,61944600
08-06-2023,178.4044189,178.67117,175.3317168,175.7664272,50214900
09-06-2023,178.7897339,180.0444918,178.4636898,179.323251,48900000
12-06-2023,181.5857697,181.6845764,178.7995982,179.0960033,54274900
13-06-2023,181.1115265,181.9414486,180.2519654,180.6076484,54929100
14-06-2023,181.743866,182.1785914,179.8370199,181.1708202,57462900
15-06-2023,183.779129,184.2830221,181.5758782,181.7537273,65433200
16-06-2023,182.7022247,184.7474061,182.0600263,184.4905147,101256200
20-06-2023,182.7911377,183.8680766,182.1983426,182.1983426,49799100
21-06-2023,181.7537384,183.1863453,180.4001588,182.6824521,49515700
22-06-2023,184.7572784,184.8066818,181.4672139,181.5363816,51245300
23-06-2023,184.4411011,185.3105519,182.7911315,183.3246636,53117000
26-06-2023,183.0480194,185.794677,183.0084907,184.5893076,48088700
27-06-2023,185.8045502,186.1305942,183.4432146,183.6605773,50730800
28-06-2023,186.9802856,187.622484,185.3500805,185.6761094,51216800
29-06-2023,187.3162079,187.790462,186.6740095,186.8123298,46347300
30-06-2023,191.6436768,192.1475548,188.9661717,189.3317445,85213200
03-07-2023,190.1517792,191.5547469,189.4601624,191.4559402,31458200
05-07-2023,189.0353394,190.6655445,188.3338479,189.2724664,46920300
06-07-2023,189.509613,189.7171011,186.9309143,187.5632381,45094300
07-07-2023,188.3931427,190.3592818,187.9584323,189.1143986,46815000
10-07-2023,186.3479614,187.7114156,184.7967835,186.9901598,59922200
11-07-2023,185.8243408,187.0297105,184.3620948,186.8913901,46638100
12-07-2023,187.4940491,189.4008949,186.2096373,187.405117,60750200
13-07-2023,188.254837,188.8970506,187.5039572,188.2153234,41342300
14-07-2023,188.4030304,188.8871441,187.3557455,187.9485406,41616200
17-07-2023,191.6634521,191.9894962,189.5095894,189.5985064,50520200
18-07-2023,191.4065399,191.99935,190.1122535,191.0311076,48288200
19-07-2023,192.7601013,195.8525518,190.339473,190.784088,80507300
20-07-2023,190.8137817,194.1137212,190.1913326,192.7502669,59581200
21-07-2023,189.638031,192.6316905,188.9365395,191.7721294,71951700
24-07-2023,190.4383087,192.572407,189.9443053,191.0903968,45377800
25-07-2023,191.2978821,192.1080549,190.6062803,191.0113667,37283200
26-07-2023,192.1673279,193.2936551,191.0014871,191.3472804,47471900
27-07-2023,190.9026794,194.8349424,190.2407167,193.6691016,47460200
28-07-2023,193.4813538,194.2717621,191.81162,192.3352624,48291400
31-07-2023,194.0939484,194.1334771,192.9182178,193.7086263,38824100
01-08-2023,193.2640381,194.370601,192.937994,193.8864873,35175100
02-08-2023,190.27034,192.8391484,189.5490993,192.7008281,50389300
03-08-2023,188.8772736,190.0628788,188.4030345,189.2724854,61235200
04-08-2023,179.8073578,185.1327137,179.7381901,183.2950205,115956800
07-08-2023,176.7050629,180.9337317,175.2230523,179.9457247,97576100
08-08-2023,177.643631,178.1079954,175.4502546,177.5349496,67823000
09-08-2023,176.0529327,178.7600617,174.8870769,178.7007837,60378500
10-08-2023,175.8355713,178.582229,175.4700136,177.3274561,54686900
11-08-2023,175.894928,176.7160828,174.6681548,175.4299516,52036700
14-08-2023,177.5471497,177.7746939,175.4200574,176.0730261,43675600
15-08-2023,175.5585785,177.5669398,175.1628481,176.9733441,43622600
16-08-2023,174.6879578,176.6369458,174.6186966,175.2419863,46964900
17-08-2023,172.1453552,175.6179371,171.6308936,175.2518857,66062900
18-08-2023,172.630127,173.2336256,170.1270953,170.4634676,61172200
21-08-2023,173.9657135,174.2526308,171.8881065,173.2039318,46311900
22-08-2023,175.3408966,175.786097,174.3713467,175.1727105,42038900
23-08-2023,179.1894379,179.6148623,176.4291831,176.6171603,52722800
24-08-2023,174.4999847,179.1696759,174.1339183,178.7442513,54945800
25-08-2023,176.706192,177.2404295,173.9459373,175.4893068,51449600
28-08-2023,178.2693634,178.6650938,176.6468447,178.1704233,43820700
29-08-2023,182.1574554,182.9291402,177.586705,177.7845701,53003900
30-08-2023,185.6498566,185.8477369,182.7708854,182.9687506,60813900
31-08-2023,185.8674927,187.104169,185.4816503,185.8378137,60794500
01-09-2023,187.4405365,187.8956249,186.2731064,187.4702155,45766500
05-09-2023,187.678009,187.9550233,185.6102897,186.2731464,45280000
06-09-2023,180.9603577,186.8370454,179.5357043,186.3918298,81755800
07-09-2023,175.6673889,176.3104696,171.6902338,173.3127525,112488800
08-09-2023,176.2807617,178.3188167,175.8949194,176.448963,65551300
11-09-2023,177.4481964,178.3781793,175.4497234,178.1506351,58953100
12-09-2023,174.4208374,178.2100156,172.9566168,177.5768379,90370200
13-09-2023,172.3531189,175.4101793,172.1255596,174.6285913,84267900
14-09-2023,173.8667908,174.2229541,171.7298106,172.145332,60895800
15-09-2023,173.1445618,174.6186853,171.9672587,174.5988942,109259500
18-09-2023,176.0730133,177.4679877,174.2921965,174.5988898,67257600
19-09-2023,177.1613007,177.7153292,175.2419767,175.6278191,51826900
20-09-2023,173.6194611,177.7845783,173.5304089,177.3492658,58436200
21-09-2023,172.0760803,174.4208289,172.0068343,172.689482,63149100
22-09-2023,172.9268951,175.1924943,172.1947925,172.8081791,56725400
25-09-2023,174.203186,175.083699,172.2937498,172.3432199,46172700
26-09-2023,170.1270905,173.3325457,169.8302851,172.9566064,64588900
27-09-2023,168.6133728,171.1955533,167.2480925,170.7800319,66921800
28-09-2023,168.870636,170.1963494,165.8333515,167.5350195,56294400
29-09-2023,169.3850555,171.2252301,168.5243187,170.1864192,51861100
02-10-2023,171.8979797,172.4421202,169.1080312,169.3949485,52164500
03-10-2023,170.5623627,171.7792628,168.9992174,170.4238556,49594600
04-10-2023,171.8089752,172.3531158,169.1476453,169.2663614,53020300
05-10-2023,173.0456238,173.5798612,170.8393827,171.9375517,48527900
06-10-2023,175.5981445,176.092815,171.334072,171.9474737,57266700
09-10-2023,177.0821533,177.1415114,173.9261531,174.9253821,42390800
10-10-2023,176.4885254,177.8043506,176.053213,176.2016232,43698000
11-10-2023,177.8835297,177.9329997,175.7069823,176.3005779,47551100
12-10-2023,178.783844,180.3964598,177.131631,178.1506663,56743100
13-10-2023,176.9436493,179.9908064,176.2412105,179.4862479,51427100
16-10-2023,176.815033,177.1711963,174.6285826,174.8660299,52517000
17-10-2023,175.261734,176.5182012,172.936792,174.7670636,57549400
18-10-2023,173.9657135,175.6871722,173.2434988,173.7084903,54764400
19-10-2023,173.589798,175.9444196,173.3226716,174.1636025,59302900
20-10-2023,171.0372772,173.5501967,170.7998299,173.4413686,64244000
23-10-2023,171.1559906,172.1552196,168.1187065,169.0882716,55980100
24-10-2023,171.5913086,171.8188528,169.6225145,171.2054662,43816600
25-10-2023,169.2762451,171.215345,168.8310296,170.0479299,57157000
26-10-2023,165.1111298,169.5532766,163.9041325,168.5540324,70625300
27-10-2023,166.4269714,167.1590893,165.0517878,165.1309369,58499100
30-10-2023,168.4748535,169.3454783,167.0699913,167.2184015,51131000
31-10-2023,168.9497681,169.0783721,166.1103491,167.5449056,44846000
01-11-2023,172.1156769,172.3729001,168.3067075,169.1773325,56934900
02-11-2023,175.6772919,175.885045,173.5897817,173.6491398,77334800
03-11-2023,174.7670746,174.9352758,171.5022615,172.3827743,79829200
06-11-2023,177.3195801,177.5174453,174.3317812,174.4999673,63841300
07-11-2023,179.8820038,180.4953904,177.0623756,177.2701288,70530000
08-11-2023,180.940567,181.4945955,179.6544208,180.4063295,49340300
09-11-2023,180.465683,182.1574475,179.8720724,181.0098235,53763500
10-11-2023,184.6561279,184.8245508,181.8129831,182.2488691,66133400
13-11-2023,183.0710907,184.2895791,182.4866141,184.0815522,43627500
14-11-2023,185.6863708,186.3501007,184.5570369,185.9439329,60108400
15-11-2023,186.2510529,187.7271185,186.0232089,186.0925612,53790500
16-11-2023,187.9351349,189.1734403,186.8850392,187.7964453,54412900
17-11-2023,187.915329,188.598876,186.8058121,188.4700874,50922700
20-11-2023,189.6588898,190.1145929,188.1035857,188.1134867,46505100
21-11-2023,188.8564606,189.7282325,187.9648866,189.619261,38134500
22-11-2023,189.5201874,191.1250266,189.0446823,189.6985112,39617700
24-11-2023,188.1927338,189.1140259,187.4794685,189.0843078,24048300
27-11-2023,188.014389,188.8861609,187.1327162,188.1431776,40552600
28-11-2023,188.6186829,189.2923289,187.6280385,188.0044882,38415400
29-11-2023,187.5983276,190.2928816,187.2020759,189.1140124,43014200
30-11-2023,188.1728973,188.539446,186.4293687,188.0639259,48794400
01-12-2023,189.4508514,189.7678498,187.4596464,188.5493614,45704800
04-12-2023,187.6577606,188.2719704,185.6962889,188.2026181,43389500
05-12-2023,191.6104431,192.5812704,188.4007497,188.430483,66628400
06-12-2023,190.520752,192.9379118,190.31271,192.6308144,41089700
07-12-2023,192.4524994,193.1756656,191.7788533,191.8184876,47477700
08-12-2023,193.8790131,194.1563923,191.8580901,192.3831304,53406400
11-12-2023,191.3726807,191.6797931,189.6291519,191.3033434,60943700
12-12-2023,192.8883667,192.8982677,189.9263347,191.2736116,52696900
13-12-2023,196.1079712,196.1475903,193.0270665,193.2648115,70404200
14-12-2023,196.2565613,197.7524289,194.3248077,196.1674069,66831600
15-12-2023,195.7216187,196.5438402,195.1569441,195.6819844,128538400
18-12-2023,194.0573273,194.7904096,192.5713607,194.2554531,55751900
19-12-2023,195.0975189,195.1074199,194.0573392,194.3248175,40714100
20-12-2023,193.0072632,195.8305908,193.0072632,195.0578894,52242800
21-12-2023,192.8586426,195.2361982,191.6896895,194.2653709,46482500
22-12-2023,191.7887573,193.5818212,191.1646465,193.3539621,37149600
26-12-2023,191.2439117,192.0760494,191.0259688,191.7986702,28919300
27-12-2023,191.3429565,191.6896881,189.3022315,190.6891427,48087700
28-12-2023,191.7689667,192.8388646,191.3627988,192.3237252,34049900
29-12-2023,190.728775,192.5812753,189.9362564,192.0859531,42672100
